review,sentiment
"The delivery was super fast and the packaging was excellent!",positive
"Terrible quality, the fabric tore on the first wash.",negative
"Absolutely love this product, will buy again for sure.",positive
"Customer support never responded to my emails.",negative
"Great value for the price, works exactly as described.",positive
"The size chart was completely wrong, had to return it.",negative
"Fast shipping and the item matched the photos perfectly.",positive
"Very disappointed, item arrived damaged.",negative
"Good quality material, comfortable and stylish.",positive
"Waste of money, broke within a week.",negative
"Exceeded my expectations, super happy with this purchase.",positive
"The color faded after just one wash, not durable at all.",negative
"Excellent customer service, resolved my issue quickly.",positive
"Product description was misleading, very unhappy.",negative
"Perfect fit and lovely design, highly recommend.",positive
"Arrived late and the box was crushed.",negative
"Amazing product, exactly what I needed.",positive
"Poor stitching, fell apart after two uses.",negative
"Really impressed with the build quality.",positive
"Overpriced for what you actually get.",negative
